template.example-text,Example Text,text
template.example-text@property-float,2.5,text
template.example-text@property-int,2,text
template.example-text@property-bool,TRUE,text
template.example-image,path/to/image-file,image
template.example-audio,path/to/audio-file,audio
home.disclaimer,"FÍSICA BASEDA NO DRONE RACER3: 1018g AUW @ 1650g DE PROPULSÃO POR MOTOR. FIQUE LIGADO, EM BREVE TEREMOS O MODO OFICINA.",text
home.card@font-size,50,text
home.card.train,TREINAR,text
home.card.fly,PILOTAR,text
home.card.tryouts,TRYOUTS,text
home.card.purchase,COMPRAR,text
home.card.garage,DRONES,text
home.card.shop,LOJA,text
home.card.leaderboards,RANKINGS,text
home.card.settings,CONFIGURAR,text
home.card.quit,SAIR,text
home.screen.title,Principal,text
fly.screen.title,test,text
fly.screen.race,test,text
fly.screen.freefly,test,text
fly.screen.lobby,test,text
fly.screen.freecamera,test,text
fly.card@font-size,60,text
fly.card.fly-campaign-card,test,text
fly.card.fly-freecamera-card,test,text
fly.card.fly-freestyle-card,test,text
fly.card.fly-multiplayer-card,"MULTI
PLAYER",text
fly.card.fly-race-card,test,text
fly.card.fly-sandbox-card,test,text
fly.multiplayer.lan,test,text
ui.label.loading,Carregando,text
ui.label.loading@upper,CARREGANDO,text
ui.label.coming-soon,Em Breve,text
ui.label.coming-soon@upper,EM BREVE,text
ui.label.click-to-unlock,Clique para Liberar,text
ui.label.click-to-unlock@upper,CLIQUE PARA LIBERAR,text
ui.label.elapsed,Tempo,text
ui.label.time,Tempo,text
ui.label.position,Posição,text
ui.label.back,Voltar,text
ui.label.next,test,text
ui.label.exit,test,text
dashboard.physics.title,test,text
dashboard.physics.dynamic-drag-xyz.section-title,test,text
dashboard.physics.drag-xyz.section-title,test,text
dashboard.physics.prop-eff-curve-parameters.section-title,test,text
dashboard.physics.torque-improves-thrust.button,test,text
dashboard.physics.real-parameters.prop-efficiency-curve.button,test,text
dashboard.physics.prop-efficiency-curve.button,test,text
dashboard.physics.real-parameters.button,test,text
dashboard.drone.title,test,text
dashboard.drone.thrust-per-motor.title,test,text
dashboard.drone.total-weight.title,test,text
dashboard.drone.roll-rc-super-expo.title-section,test,text
dashboard.drone.pitch-rc-super-expo.title-section,test,text
dashboard.drone.throttle-mid-expo.title-section,test,text
dashboard.drone.torque-per-motor.title,test,text
dashboard.drone.yaw-rc-super-expo.title-section,test,text
dashboard.general.graphs.button.speed,test,text
dashboard.general.graphs.button.force,test,text
dashboard.general.graphs.button.prop-ef,test,text
dashboard.fc.title,test,text
dashboard.fc.yaw-i.label,test,text
dashboard.fc.yaw-p.label,test,text
dashboard.fc.pitch-roll-d.label,test,text
dashboard.fc.yaw-d.label,test,text
dashboard.fc.pitch-roll-i.label,test,text
dashboard.fc.pitch-roll-p.label,test,text
dashboard.my-tune.community-tunes.button,test,text
dashboard.my-tune.button.save,test,text
dashboard.my-tune.new.button,test,text
dashboard.general.title,test,text
dashboard.general.miscellaneous.section-title,test,text
dashboard.general.drone-settings.button.clear,test,text
dashboard.general.miscellaneous.button.flip,test,text
dashboard.general.flight-controller.section-title,test,text
dashboard.general.miscellaneous.button.controller,test,text
dashboard.general.miscellaneous.button.battery,test,text
dashboard.general.miscellaneous.button.recharge,test,text
dashboard.general.drone-settings.section-title,test,text
dashboard.general.drone-settings.button.save,test,text
dashboard.general.drone-settings.button.load,test,text
dashboard.general.graphs.motor,test,text
dashboard.general.flight-controller.button.inter,test,text
dashboard.general.flight-controller.button.noob,test,text
dashboard.general.graphs.section-title,test,text
dashboard.general.flight-controller.button.pro,test,text
dashboard.general.graphs.buttons.RC-pitch-roll,test,text
dashboard.general.graphs.buttons.RC-yaw,test,text
dashboard.general.graphs.buttons.thrott,test,text
dashboard.general.graphs.button.battery,test,text
dashboard.general.camera.types,test,text
dashboard.general.camera.label,test,text
dashboard.general.camera-tilt.label,test,text
dashboard.physics.prop-eff-curve-parameters.mid-from.button,test,text
dashboard.physics.prop-eff-curve-parameters.labels.mid-to,test,text
dashboard.physics.prop-eff-curve-parameters.labels.END,test,text
dashboard.drone.rig-config.types,test,text
dashboard.physics.prop-eff-curve-parameters.labels.MAX,test,text
dashboard.footer.message,test,text
dashboard.my-tune.hint,test,text
dashboard.graphs.title,test,text
dashboard.graphs.motors.detail.throttle,test,text
dashboard.graphs.efficiency.header,test,text
dashboard.graphs.motors.header,test,text
dashboard.graphs.throttle.header,test,text
dashboard.graphs.pitchroll.header,test,text
dashboard.graphs.yaw.header,test,text
dashboard.graphs.motors.detail.torque,test,text
dashboard.my-tune.rating,test,text
dashboard.drone.drone-class.label,test,text
dashboard.drone.rig-config.label,test,text
dashboard.graphs.motors.detail.voltage,test,text
campaign.screen.title,test,text
campaign.screen.title.overview,test,text
campaign.campaign.title.2016,test,text
campaign.campaign.discription.2016,test,text
campaign.campaign.title.2018,test,text
campaign.campaign.discription.2018,test,text
campaign.overview.races,test,text
campaign.overview.totaltime,test,text
campaign.overview.attemps,test,text
campaign.overview.onleaderboard,test,text
campaign.overview.reset,test,text
campaign.overview.finalheat,test,text
campaign.overview.locked,test,text
campaign.overview.results,test,text
campaign.overview.confirmation,test,text
campaign.overview.resetright,test,text
leaderboard.back,test,text
leaderboard.exit,test,text
leaderboard.my-position,test,text
leaderboard.right,test,text
leaderboard.game-type.race,test,text
leaderboard.game-type.campaign,test,text
leaderboard.game-type.mission,test,text
leaderboard.mode,test,text
leaderboard.map,test,text
leaderboard.london-championship,test,text
leaderboard.track,test,text
leaderboard.the-trinity-test,test,text
leaderboard.campaign,test,text
leaderboard.drl-2016,test,text
leaderboard.region,test,text
leaderboard.quest,test,text
leaderboard.los-i,test,text
leaderboard.mission,test,text
leaderboard.the-diamond-path,test,text
leaderboard.replay,test,text
leaderboard.no-results-found,test,text
leaderboard.loading,test,text
leaderboard.start,test,text
leaderboard.drone-class,test,text
pause.cards.camera-tilt.label,test,text
pause.cards.camera-mode.label,test,text
pause.cards.camera-mode.types,test,text
pause.cards.camera-fov.label,test,text
pause.screen.back.button,test,text
pause.cards.intermediate.details,test,text
pause.cards.pro.details,test,text
pause.cards.beginner.details,test,text
pause.cards.exit-game.label,test,text
pause.cards.restart-game.label,test,text
pause.cards.pro.label,test,text
pause.cards.intermediate.label,test,text
pause.cards.beginner.label,test,text
pause.cards.controller-setup.title,test,text
pause.cards.settings,test,text
pause.cards.change-map.label,test,text
pause.cards.controller-sensitivity.title,test,text
pause.cards.system.title,test,text
pause.cards.launch-dashboard.title,test,text
pause.cards.physics-dashboard.details,test,text
pause.cards.room.title,test,text
pause.cards.player.title,test,text
pause.cards.campaign-lost-advice.label,test,text
pause.cards.fc-profiles.label,test,text
settings-system.screen.title,Sistema,text
settings-system.form.quality,QUALIDADE,text
settings-system.form.quality.labels,"PERSONALIZADA,MÍNIMA,BAIXA,MÉDIA,ALTA,ULTRA",text
settings.controller-map-screen.back.button,test,text
settings.controller-map-screen.left-stick-map.label,test,text
settings.controller-map-screen.right-stick-map.label,test,text
settings.controller-map-screen.button-a-map.label,test,text
settings.controller-map-screen.button-b-map.label,test,text
settings.controller-map-screen.button-shoulder-1-map.label,test,text
settings.controller-map-screen.button-shoulder-2-map.label,test,text
settings.controller-map-screen.button-center-map.label,test,text
settings.profile-screen-dev.back.button,test,text
settings.profile-screen-dev.profile-name.label,test,text
settings.profile-screen-dev.type-full-name.label,test,text
settings.profile-screen-dev.pilot-handle.label,test,text
settings.profile-screen-dev.email.label,test,text
settings.profile-screen-dev.type-your-email.label,test,text
settings.profile-screen-dev.age.label,test,text
settings.profile-screen-dev.type-your-age.label,test,text
settings.profile-screen-dev.gender.label,test,text
settings.profile-screen-dev.gender.types,"test0, test1, test2",text
settings.profile-screen-dev.country.label,test,text
settings.profile-screen-dev.type-your-country.label,test,text
settings.profile-screen-dev.non-fpv-drone-skill.label,test,text
settings.profile-screen-dev.non-fpv-drone-years.label,test,text
settings.profile-screen-dev.non-fpv-drone-years.types,"test0, test1, test2, test3, test4",text
settings.profile-screen-dev.fpv-drone-skill.label,test,text
settings.profile-screen-dev.fpv-drone-skill.types,"test0, test1, test2, test3, test4",text
settings.profile-screen-dev.fpv-drone-years.label,test,text
settings.profile-screen-dev.fpv-drone-years.types,"test0, test1, test2, test3, test4",text
settings.profile-screen-dev.fpv-drone-preference.label,test,text
track.screen.drone-crash.label,test,text
track.screen.opponent-difficulty.label,test,text
track.screen.opponent-difficulty.types,test,text
track.screen.opponent-toggle.label,test,text
track.screen.opponent-toggle.types,test,text
track.screen.start.button,test,text
track.screen.back.button,test,text
track.screen.beginner.details,test,text
track.screen.intermediate.details,test,text
track.screen.pro.details,test,text
track.screen.beginner.title,test,text
track.screen.intermediate.title,test,text
track.screen.pro.title,test,text
track.screen.selected-drone.label,test,text
calibration.footer.nohardware,test,text
calibration.footer.needscalibration,test,text
calibration.,,
calibration.,,
calibration.,,
calibration.,,
calibration.,,
calibration.,,
calibration.,,
calibration.,,
calibration.,,
calibration.,,
calibration.,,
calibration.,,
maps.gates-of-hell.caption,GATES OF HELL,text
maps.gates-of-hell.title,Gates of Hell,text
maps.gates-of-hell.description,"DRL 2016 - NÍVEL 1
Uma usina abandonada às margens do Rio Hudson conhecida por suas paredes enferrujadas, estrutura em pedaços e uma história de violência, foi apelidada de “Os Portões do Inferno”.",text
maps.drl-sandbox.caption,test,text
maps.drl-sandbox.title,test,text
maps.drl-sandbox.description,test,text
maps.airplane-graveyard.caption,test,text
maps.airplane-graveyard.title,test,text
maps.airplane-graveyard.description,test,text
maps.bell-labs.caption,test,text
maps.bell-labs.title,test,text
maps.bell-labs.description,test,text
maps.detroit.caption,test,text
maps.detroit.title,test,text
maps.detroit.description,test,text
maps.lapocalypse.caption,test,text
maps.lapocalypse.title,test,text
maps.lapocalypse.description,test,text
maps.miami-lights.caption,test,text
maps.miami-lights.title,test,text
maps.miami-lights.description,test,text
maps.ohio-crash-site.caption,test,text
maps.ohio-crash-site.title,test,text
maps.ohio-crash-site.description,test,text
maps.atlanta-aftermath.caption,test,text
maps.atlanta-aftermath.title,test,text
maps.atlanta-aftermath.description,test,text
maps.boston-foundry.caption,test,text
maps.boston-foundry.title,test,text
maps.boston-foundry.description,test,text
maps.london.caption,test,text
maps.london.title,test,text
maps.london.description,test,text
maps.mardi-gras.caption,test,text
maps.mardi-gras.title,test,text
maps.mardi-gras.description,test,text
maps.miami-nights.caption,test,text
maps.miami-nights.title,test,text
maps.miami-nights.description,test,text
maps.munich-playoffs.caption,test,text
maps.munich-playoffs.title,test,text
maps.munich-playoffs.description,test,text
maps.map.map-overview.back,test,text
maps.map.map-overview.next,test,text
maps.map.map-track-card.title,test,text
maps.map.map-track-card.course-length.label,test,text
maps.map.map-track-card.difficulty.label,test,text
maps.map.map-track-cards.difficulty.types,test,text
maps.,,text
map.map-overview.back,test,text
map.map-overview.next,test,text
map.map-track-card.course-length.label,test,text
map.map-track-card.difficulty.label,test,text
map.map-track-cards.difficulty.types,"test0,test1,test2",text
quests.title,Missões,text
quests.quest-fpv-01.title,"USANDO
ÓCULOS",text
quests.quest-fpv-01.description,Missões para cobrir o básico de vôo em primeira pessoa.,text
quests.quest-los-01.title,INTRODUÇÃO,text
quests.quest-los-01.description,Missões que cobrem o básico de vôo.,text
quests.quest-pro-01.title,test,text
quests.quest-pro-01.description,test,text
quests.quests-screen.back,test,text
quests.quests-screen.next,test,text
quests.quest-overview.back,test,text
quests.quest-overview.title,test,text
quests.quest-overview.card,test,text
mission-overview.title,test,text
mission-overview.about,test,text
mission-overview.beginner-mode.title,test,text
mission-overview.beginner-mode.description,test,text
mission-overview.mission-title,test,text
mission-overview.intermediate-mode.title,test,text
mission-overview.intermediate-mode.description,test,text
mission-overview.pro-mode.title,test,text
mission-overview.pro-mode.description,test,text
mission-overview.drone.title,test,text
mission-overview.start,test,text
mission-overview.back,test,text
tracks.drl-sandbox.freestyle.title,test,text
tracks.drl-sandbox.freestyle.description,test,text
tracks.drl-sandbox.race.title,test,text
tracks.drl-sandbox.race.description,test,text
tracks.drl-sandbox.race-01.title,test,text
tracks.drl-sandbox.race-01.description,test,text
tracks.airplane-graveyard.freestyle.title,test,text
tracks.airplane-graveyard.freestyle.description,test,text
tracks.bell-labs.freestyle.title,test,text
tracks.bell-labs.freestyle.description,test,text
tracks.bell-labs.race.title,test,text
tracks.bell-labs.race.description,test,text
tracks.bell-labs.race-01.title,test,text
tracks.bell-labs.race-01.description,test,text
tracks.bell-labs.race-02.title,test,text
tracks.bell-labs.race-02.description,test,text
tracks.detroit.freestyle.title,test,text
tracks.detroit.freestyle.description,test,text
tracks.detroit.race.title,test,text
tracks.detroit.race.description,test,text
tracks.gates-of-hell.freestyle.title,test,text
tracks.gates-of-hell.freestyle.description,test,text
tracks.gates-of-hell.race.title,test,text
tracks.gates-of-hell.race.description,test,text
tracks.gates-of-hell.race-01.title,test,text
tracks.gates-of-hell.race-01.description,test,text
tracks.gates-of-hell.race-02.title,test,text
tracks.gates-of-hell.race-02.description,test,text
tracks.gates-of-hell.race-03.title,test,text
tracks.gates-of-hell.race-03.description,test,text
tracks.lapocalypse.race.title,test,text
tracks.lapocalypse.race.description,test,text
tracks.lapocalypse.freestyle.title,test,text
tracks.lapocalypse.freestyle.description,test,text
tracks.miami-lights.freestyle.title,test,text
tracks.miami-lights.freestyle.description,test,text
tracks.miami-lights.race.title,test,text
tracks.miami-lights.race.description,test,text
tracks.miami-lights.race-01.title,test,text
tracks.miami-lights.race-01.description,test,text
tracks.miami-lights.race-02.title,test,text
tracks.miami-lights.race-02.description,test,text
tracks.ohio-crash-site.freestyle.title,test,text
tracks.ohio-crash-site.freestyle.description,test,text
tracks.ohio-crash-site.race.title,test,text
tracks.ohio-crash-site.race.description,test,text
tracks.ohio-crash-site.race-01.title,test,text
tracks.ohio-crash-site.race-01.description,test,text
tracks.ohio-crash-site.race-02.title,test,text
tracks.ohio-crash-site.race-02.description,test,text
tracks.atlanta-aftermath.race.title,test,text
tracks.atlanta-aftermath.race.description,test,text
tracks.atlanta-aftermath.freestyle.title,test,text
tracks.atlanta-aftermath.freestyle.description,test,text
tracks.boston-foundry.race.title,test,text
tracks.boston-foundry.race.description,test,text
tracks.boston-foundry.freestyle.title,test,text
tracks.boston-foundry.freestyle.description,test,text
tracks.london.race.title,test,text
tracks.london.race.description,test,text
tracks.london.freestyle.title,test,text
tracks.london.freestyle.description,test,text
tracks.mardi-gras.freestyle.title,test,text
tracks.mardi-gras.freestyle.description,test,text
tracks.mardi-gras.race.title,test,text
tracks.mardi-gras.race.description,test,text
tracks.miami-nights.race.title,test,text
tracks.miami-nights.race.description,test,text
tracks.miami-nights.freestyle.title,test,text
tracks.miami-nights.freestyle.description,test,text
tracks.munich-playoffs.race.title,test,text
tracks.munich-playoffs.race.description,test,text
tracks.munich-playoffs.freestyle.title,test,text
tracks.munich-playoffs.freestyle.description,test,text
ms-learn-to-fly.title,Aprenda a Voar,text
ms-learn-to-fly.description,Introduz o jogador aos controles básicos.,text
ms-learn-to-fly.shortDescription,"Este é um drone para iniciantes, você o usará para o treinamento.

Este drone voará nos modos <color=#5db300>iniciante</color> e <color=#f8e71c>intermediário</color> os quais ajudam novos pilotos se acostumar com os controles.",text
ms-learn-to-fly.dialog-000,Vamos aprender a voar. Use o directional direito para Decolar.,text
ms-learn-to-fly.dialog-001,Com o direcional esquerdo você pode controlar a elevação. Vá até 32 metros.,text
ms-learn-to-fly.dialog-002,Cuidado. Se você subir demais o sinal será perdido. Volte para 31m de altura.,text
ms-pitch.title,test,text
ms-pitch.description,test,text
ms-pitch.shortDescription,test,text
ms-pitch.dialog-124,test,text
ms-pitch.dialog-125,test,text
ms-pitch.dialog-126,test,text
ms-pitch.dialog-127,test,text
ms-pitch.dialog-128,test,text
ms-pitch.dialog-129,test,text
ms-pitch.dialog-130,test,text
ms-pitch.dialog-131,test,text
ms-pitch.dialog-132,test,text
ms-pitch.dialog-133,test,text
ms-roll.title,test,text
ms-roll.description,test,text
ms-roll.shortDescription,test,text
ms-roll.dialog-178,test,text
ms-roll.dialog-179,test,text
ms-roll.dialog-180,test,text
ms-roll.dialog-181,test,text
ms-roll.dialog-182,test,text
ms-roll.dialog-183,test,text
ms-roll.dialog-184,test,text
ms-roll.dialog-185,test,text
ms-roll.dialog-186,test,text
ms-roll.dialog-187,test,text
ms-roll.dialog-188,test,text
ms-sky-with-diamonds.title,test,text
ms-sky-with-diamonds.description,test,text
ms-sky-with-diamonds.shortDescription,test,text
ms-sky-with-diamonds.dialog-233,test,text
ms-sky-with-diamonds.dialog-234,test,text
ms-sky-with-diamonds.dialog-235,test,text
ms-sky-with-diamonds.dialog-236,test,text
ms-sky-with-diamonds.dialog-237,test,text
ms-sky-with-diamonds.dialog-238,test,text
ms-sky-with-diamonds.dialog-239,test,text
ms-sky-with-diamonds.dialog-240,test,text
ms-sky-with-diamonds.dialog-241,test,text
ms-sky-with-diamonds.dialog-242,test,text
ms-sky-with-diamonds.dialog-243,test,text
ms-roof-and-roll.title,test,text
ms-roof-and-roll.description,test,text
ms-roof-and-roll.shortDescription,test,text
ms-roof-and-roll.dialog-189,test,text
ms-roof-and-roll.dialog-190,test,text
ms-roof-and-roll.dialog-191,test,text
ms-roof-and-roll.dialog-192,test,text
ms-roof-and-roll.dialog-193,test,text
ms-roof-and-roll.dialog-196,test,text
ms-roof-and-roll.dialog-197,test,text
ms-roof-and-roll.dialog-198,test,text
ms-roof-and-roll.dialog-199,test,text
ms-roof-and-roll.dialog-200,test,text
ms-roof-and-roll.dialog-203,test,text
ms-roof-and-roll.dialog-204,test,text
ms-roof-and-roll.dialog-207,test,text
ms-roof-and-roll.dialog-208,test,text
ms-roof-and-roll.dialog-211,test,text
ms-roof-and-roll.dialog-212,test,text
ms-roof-and-roll.dialog-213,test,text
ms-roof-and-roll.dialog-214,test,text
ms-roof-to-roof.title,test,text
ms-roof-to-roof.description,test,text
ms-roof-to-roof.shortDescription,test,text
ms-roof-to-roof.dialog-215,test,text
ms-roof-to-roof.dialog-216,test,text
ms-roof-to-roof.dialog-217,test,text
ms-roof-to-roof.dialog-218,test,text
ms-roof-to-roof.dialog-219,test,text
ms-roof-to-roof.dialog-220,test,text
ms-roof-to-roof.dialog-221,test,text
ms-roof-to-roof.dialog-222,test,text
ms-roof-to-roof.dialog-223,test,text
ms-roof-to-roof.dialog-224,test,text
ms-roof-to-roof.dialog-225,test,text
ms-roof-to-roof.dialog-226,test,text
ms-roof-to-roof.dialog-227,test,text
ms-roof-to-roof.dialog-228,test,text
ms-roof-to-roof.dialog-229,test,text
ms-roof-to-roof.dialog-230,test,text
ms-roof-to-roof.dialog-231,test,text
ms-roof-to-roof.dialog-232,test,text
ms-diamond-path.title,test,text
ms-diamond-path.description,test,text
ms-diamond-path.shortDescription,test,text
ms-diamond-path.dialog-60,test,text
ms-diamond-path.dialog-61,test,text
ms-diamond-path.dialog-62,test,text
ms-diamond-path.dialog-63,test,text
ms-diamond-path.dialog-64,test,text
ms-diamond-path.dialog-65,test,text
ms-diamond-path.dialog-66,test,text
ms-diamond-path.dialog-67,test,text
ms-diamond-path.dialog-68,test,text
ms-diamond-path.dialog-69,test,text
ms-diamond-path.dialog-70,test,text
ms-diamond-path.dialog-71,test,text
ms-diamond-path.dialog-72,test,text
ms-diamond-path.dialog-73,test,text
ms-diamond-path.dialog-74,test,text
ms-crane-climb.title,test,text
ms-crane-climb.description,test,text
ms-crane-climb.shortDescription,test,text
ms-crane-climb.dialog-51,test,text
ms-crane-climb.dialog-52,test,text
ms-crane-climb.dialog-53,test,text
ms-crane-climb.dialog-54,test,text
ms-crane-climb.dialog-55,test,text
ms-crane-climb.dialog-56,test,text
ms-crane-climb.dialog-57,test,text
ms-crane-climb.dialog-58,test,text
ms-crane-climb.dialog-59,test,text
ms-crane-climb.,test,
ms-pop-em-all.title,test,text
ms-pop-em-all.description,test,text
ms-pop-em-all.shortDescription,test,text
ms-pop-em-all.dialog-134,test,text
ms-pop-em-all.dialog-135,test,text
ms-pop-em-all.dialog-136,test,text
ms-pop-em-all.dialog-137,test,text
ms-pop-em-all.dialog-138,test,text
ms-pop-em-all.dialog-139,test,text
ms-pop-em-all.dialog-140,test,text
ms-pop-em-all.dialog-141,test,text
ms-pop-em-all.dialog-142,test,text
ms-pop-em-all.dialog-143,test,text
ms-balloon-hunt.title,test,text
ms-balloon-hunt.description,test,text
ms-balloon-hunt.shortDescription,test,text
ms-balloon-hunt.dialog-1,test,text
ms-balloon-hunt.dialog-2,test,text
ms-balloon-hunt.dialog-3,test,text
ms-balloon-hunt.dialog-4,test,text
ms-balloon-hunt.dialog-5,test,text
ms-balloon-hunt.dialog-6,test,text
ms-balloon-hunt.dialog-7,test,text
ms-balloon-hunt.dialog-8,test,text
ms-balloon-hunt.dialog-9,test,text
ms-balloon-hunt.dialog-10,test,text
ms-balloon-hunt.dialog-11,test,text
ms-balloon-hunt.dialog-12,test,text
ms-balloon-hunt.dialog-13,test,text
ms-balloon-hunt.dialog-14,test,text
ms-balloon-hunt.dialog-15,test,text
ms-balloon-hunt.dialog-16,test,text
ms-balloon-hunt.dialog-17,test,text
ms-balloon-hunt.dialog-18,test,text
ms-balloon-hunt.dialog-19,test,text
ms-balloon-hunt.dialog-20,test,text
ms-balloon-hunt.dialog-21,test,text
ms-balloon-hunt.dialog-22,test,text
ms-balloon-hunt.dialog-23,test,text
ms-balloon-hunt.dialog-24,test,text
ms-balloon-hunt.dialog-25,test,text
ms-balloon-hunt.dialog-26,test,text
ms-balloon-hunt.dialog-27,test,text
ms-balloon-hunt.dialog-28,test,text
ms-balloon-hunt.dialog-29,test,text
ms-balloon-hunt.dialog-30,test,text
ms-balloon-hunt.dialog-31,test,text
ms-balloon-hunt.dialog-32,test,text
ms-balloon-hunt.dialog-33,test,text
ms-downtown-pop.title,test,text
ms-downtown-pop.description,test,text
ms-downtown-pop.shortDescription,test,text
ms-downtown-pop.dialog-75,test,text
ms-downtown-pop.dialog-76,test,text
ms-downtown-pop.dialog-77,test,text
ms-downtown-pop.dialog-78,test,text
ms-downtown-pop.dialog-79,test,text
ms-downtown-pop.dialog-80,test,text
ms-downtown-pop.dialog-81,test,text
ms-downtown-pop.dialog-82,test,text
ms-downtown-pop.dialog-83,test,text
ms-downtown-pop.dialog-84,test,text
ms-downtown-pop.dialog-85,test,text
ms-downtown-pop.dialog-86,test,text
ms-downtown-pop.dialog-87,test,text
ms-under-your-power.title,test,text
ms-under-your-power.description,test,text
ms-under-your-power.shortDescription,test,text
ms-under-your-power.dialog-244,test,text
ms-under-your-power.dialog-245,test,text
ms-under-your-power.dialog-246,test,text
ms-under-your-power.dialog-247,test,text
ms-under-your-power.dialog-248,test,text
ms-under-your-power.dialog-249,test,text
ms-under-your-power.dialog-250,test,text
ms-under-your-power.dialog-251,test,text
ms-under-your-power.dialog-252,test,text
ms-under-your-power.dialog-253,test,text
ms-under-your-power.dialog-254,test,text
ms-under-your-power.dialog-255,test,text
ms-under-your-power.dialog-256,test,text
ms-under-your-power.dialog-257,test,text
ms-under-your-power.dialog-258,test,text
ms-under-your-power.dialog-259,test,text
ms-under-your-power.dialog-260,test,text
ms-under-your-power.dialog-261,test,text
ms-under-your-power.dialog-262,test,text
ms-road-to-fpv.title,test,text
ms-road-to-fpv.description,test,text
ms-road-to-fpv.shortDescription,test,text
ms-road-to-fpv.dialog-144,test,text
ms-road-to-fpv.dialog-145,test,text
ms-road-to-fpv.dialog-146,test,text
ms-road-to-fpv.dialog-147,test,text
ms-road-to-fpv.dialog-148,test,text
ms-road-to-fpv.dialog-149,test,text
ms-road-to-fpv.dialog-150,test,text
ms-road-to-fpv.dialog-151,test,text
ms-road-to-fpv.dialog-152,test,text
ms-road-to-fpv.dialog-153,test,text
ms-road-to-fpv.dialog-154,test,text
ms-road-to-fpv.dialog-155,test,text
ms-road-to-fpv.dialog-156,test,text
ms-road-to-fpv.dialog-157,test,text
ms-road-to-fpv.dialog-158,test,text
ms-road-to-fpv.dialog-159,test,text
ms-road-to-fpv.dialog-160,test,text
ms-road-to-fpv.dialog-166,test,text
ms-road-to-fpv.dialog-167,test,text
ms-road-to-fpv.dialog-168,test,text
ms-road-to-fpv.dialog-169,test,text
ms-road-to-fpv.dialog-170,test,text
ms-road-to-fpv.dialog-171,test,text
ms-road-to-fpv.dialog-172,test,text
ms-road-to-fpv.dialog-173,test,text
ms-road-to-fpv.dialog-174,test,text
ms-road-to-fpv.dialog-175,test,text
ms-road-to-fpv.dialog-176,test,text
ms-road-to-fpv.dialog-177,test,text
ms-first-person-view.title,test,text
ms-first-person-view.description,test,text
ms-first-person-view.shortDescription,test,text
ms-first-person-view.dialog-296,test,text
ms-first-person-view.dialog-297,test,text
ms-first-person-view.dialog-298,test,text
ms-first-person-view.dialog-299,test,text
ms-first-person-view.dialog-300,test,text
ms-first-person-view.dialog-301,test,text
ms-first-person-view.dialog-302,test,text
ms-first-person-view.dialog-303,test,text
ms-first-person-view.dialog-304,test,text
ms-first-person-view.dialog-305,test,text
ms-first-person-view.dialog-306,test,text
ms-first-person-view.dialog-307,test,text
ms-first-person-view.dialog-308,test,text
ms-first-person-view.dialog-309,test,text
ms-first-person-view.dialog-310,test,text
ms-first-person-view.dialog-311,test,text
ms-first-person-view.dialog-312,test,text
ms-first-person-view.dialog-313,test,text
ms-first-person-view.dialog-314,test,text
ms-first-person-view.dialog-315,test,text
ms-first-person-view.dialog-316,test,text
ms-first-person-view.dialog-317,test,text
ms-first-person-view.dialog-318,test,text
ms-first-person-view.dialog-319,test,text
ms-first-person-view.dialog-320,test,text
ms-first-person-view.dialog-321,test,text
ms-pitch-and-roll.title,test,text
ms-pitch-and-roll.description,test,text
ms-pitch-and-roll.shortDescription,test,text
ms-pitch-and-roll.dialog-363,test,text
ms-pitch-and-roll.dialog-364,test,text
ms-pitch-and-roll.dialog-365,test,text
ms-pitch-and-roll.dialog-366,test,text
ms-pitch-and-roll.dialog-367,test,text
ms-pitch-and-roll.dialog-368,test,text
ms-pitch-and-roll.dialog-369,test,text
ms-pitch-and-roll.dialog-370,test,text
ms-pitch-and-roll.dialog-371,test,text
ms-pitch-and-roll.dialog-372,test,text
ms-pitch-and-roll.dialog-373,test,text
ms-pitch-and-roll.dialog-374,test,text
ms-pitch-and-roll.dialog-375,test,text
ms-pitch-and-roll.dialog-376,test,text
ms-pitch-and-roll.dialog-377,test,text
ms-pitch-and-roll.dialog-378,test,text
ms-pitch-and-roll.dialog-379,test,text
ms-pitch-and-roll.dialog-380,test,text
ms-pitch-and-roll.dialog-381,test,text
ms-pitch-and-roll.dialog-382,test,text
ms-pitch-and-roll.dialog-383,test,text
ms-pitch-and-roll.dialog-384,test,text
ms-pitch-and-roll.dialog-385,test,text
ms-yaw-know-what-i-mean.title,test,text
ms-yaw-know-what-i-mean.description,test,text
ms-yaw-know-what-i-mean.shortDescription,test,text
ms-yaw-know-what-i-mean.dialog-457,test,text
ms-yaw-know-what-i-mean.dialog-458,test,text
ms-yaw-know-what-i-mean.dialog-459,test,text
ms-yaw-know-what-i-mean.dialog-460,test,text
ms-yaw-know-what-i-mean.dialog-461,test,text
ms-yaw-know-what-i-mean.dialog-462,test,text
ms-yaw-know-what-i-mean.dialog-463,test,text
ms-yaw-know-what-i-mean.dialog-464,test,text
ms-yaw-know-what-i-mean.dialog-465,test,text
ms-yaw-know-what-i-mean.dialog-466,test,text
ms-yaw-know-what-i-mean.dialog-467,test,text
ms-yaw-know-what-i-mean.dialog-468,test,text
ms-yaw-know-what-i-mean.dialog-469,test,text
ms-yaw-know-what-i-mean.dialog-470,test,text
ms-yaw-know-what-i-mean.dialog-471,test,text
ms-yaw-know-what-i-mean.dialog-472,test,text
ms-yaw-know-what-i-mean.dialog-473,test,text
ms-yaw-know-what-i-mean.dialog-474,test,text
ms-balloon-track.title,test,text
ms-balloon-track.description,test,text
ms-balloon-track.shortDescription,test,text
ms-balloon-track.dialog-34,test,text
ms-balloon-track.dialog-35,test,text
ms-balloon-track.dialog-36,test,text
ms-balloon-track.dialog-37,test,text
ms-balloon-track.dialog-38,test,text
ms-balloon-track.dialog-39,test,text
ms-balloon-track.dialog-40,test,text
ms-balloon-track.dialog-41,test,text
ms-balloon-track.dialog-42,test,text
ms-balloon-track.dialog-43,test,text
ms-balloon-track.dialog-44,test,text
ms-balloon-track.dialog-45,test,text
ms-balloon-track.dialog-46,test,text
ms-balloon-track.dialog-47,test,text
ms-balloon-track.dialog-48,test,text
ms-mixed-mission-medley.title,test,text
ms-mixed-mission-medley.description,test,text
ms-mixed-mission-medley.shortDescription,test,text
ms-mixed-mission-medley.dialog-409,test,text
ms-mixed-mission-medley.dialog-410,test,text
ms-mixed-mission-medley.dialog-411,test,text
ms-mixed-mission-medley.dialog-412,test,text
ms-mixed-mission-medley.dialog-413,test,text
ms-mixed-mission-medley.dialog-414,test,text
ms-mixed-mission-medley.dialog-415,test,text
ms-mixed-mission-medley.dialog-416,test,text
ms-mixed-mission-medley.dialog-417,test,text
ms-mixed-mission-medley.dialog-418,test,text
ms-trust-the-thrust.title,test,text
ms-trust-the-thrust.description,test,text
ms-trust-the-thrust.shortDescription,test,text
ms-trust-the-thrust.dialog-419,test,text
ms-trust-the-thrust.dialog-420,test,text
ms-trust-the-thrust.dialog-421,test,text
ms-trust-the-thrust.dialog-422,test,text
ms-trust-the-thrust.dialog-423,test,text
ms-trust-the-thrust.dialog-424,test,text
ms-trust-the-thrust.dialog-425,test,text
ms-trust-the-thrust.dialog-426,test,text
ms-trust-the-thrust.dialog-427,test,text
ms-trust-the-thrust.dialog-428,test,text
ms-trust-the-thrust.dialog-429,test,text
ms-trust-the-thrust.dialog-430,test,text
ms-wide-turns.title,test,text
ms-wide-turns.description,test,text
ms-wide-turns.shortDescription,test,text
ms-wide-turns.dialog-443,test,text
ms-wide-turns.dialog-444,test,text
ms-wide-turns.dialog-445,test,text
ms-wide-turns.dialog-446,test,text
ms-wide-turns.dialog-447,test,text
ms-wide-turns.dialog-448,test,text
ms-wide-turns.dialog-449,test,text
ms-wide-turns.dialog-450,test,text
ms-wide-turns.dialog-451,test,text
ms-wide-turns.dialog-452,test,text
ms-wide-turns.dialog-453,test,text
ms-wide-turns.dialog-454,test,text
ms-wide-turns.dialog-455,test,text
ms-wide-turns.dialog-456,test,text
ms-flying-circus.title,test,text
ms-flying-circus.description,test,text
ms-flying-circus.shortDescription,test,text
ms-flying-circus.dialog-354,test,text
ms-flying-circus.dialog-355,test,text
ms-flying-circus.dialog-356,test,text
ms-flying-circus.dialog-357,test,text
ms-flying-circus.dialog-358,test,text
ms-flying-circus.dialog-359,test,text
ms-flying-circus.dialog-360,test,text
ms-flying-circus.dialog-361,test,text
ms-flying-circus.dialog-362,test,text
ms-slammin-slalom.title,test,text
ms-slammin-slalom.description,test,text
ms-slammin-slalom.shortDescription,test,text
ms-slammin-slalom.dialog-508,test,text
ms-slammin-slalom.dialog-509,test,text
ms-slammin-slalom.dialog-510,test,text
ms-slammin-slalom.dialog-511,test,text
ms-slammin-slalom.dialog-512,test,text
ms-slammin-slalom.dialog-513,test,text
ms-slammin-slalom.dialog-514,test,text
ms-slammin-slalom.dialog-515,test,text
ms-slammin-slalom.dialog-516,test,text
ms-flight-club.title,test,text
ms-flight-club.description,test,text
ms-flight-club.shortDescription,test,text
ms-flight-club.dialog-322,test,text
ms-flight-club.dialog-323,test,text
ms-flight-club.dialog-324,test,text
ms-flight-club.dialog-325,test,text
ms-flight-club.dialog-326,test,text
ms-flight-club.dialog-327,test,text
ms-flight-club.dialog-328,test,text
ms-flight-club.dialog-329,test,text
ms-flight-club.dialog-330,test,text
ms-flight-club.dialog-331,test,text
ms-flight-club.dialog-332,test,text
ms-flight-club.dialog-333,test,text
ms-flight-club.dialog-334,test,text
ms-flight-club.dialog-335,test,text
ms-flight-club.dialog-336,test,text
ms-corsa-di-farfalla.title,test,text
ms-corsa-di-farfalla.description,test,text
ms-corsa-di-farfalla.shortDescription,test,text
ms-corsa-di-farfalla.dialog-272,test,text
ms-corsa-di-farfalla.dialog-273,test,text
ms-corsa-di-farfalla.dialog-274,test,text
ms-corsa-di-farfalla.dialog-275,test,text
ms-corsa-di-farfalla.dialog-276,test,text
ms-corsa-di-farfalla.dialog-277,test,text
ms-corsa-di-farfalla.dialog-278,test,text
ms-corsa-di-farfalla.dialog-279,test,text
ms-corsa-di-farfalla.dialog-280,test,text
ms-corsa-di-farfalla.dialog-281,test,text
ms-corsa-di-farfalla.dialog-282,test,text
ms-corsa-di-farfalla.dialog-283,test,text
ms-corsa-di-farfalla.dialog-284,test,text
ms-corsa-di-farfalla.dialog-285,test,text
ms-corsa-di-farfalla.dialog-286,test,text
ms-second-slalom.title,test,text
ms-second-slalom.description,test,text
ms-second-slalom.shortDescription,test,text
ms-second-slalom.dialog-431,test,text
ms-second-slalom.dialog-432,test,text
ms-second-slalom.dialog-433,test,text
ms-second-slalom.dialog-434,test,text
ms-second-slalom.dialog-435,test,text
ms-second-slalom.dialog-436,test,text
ms-second-slalom.dialog-437,test,text
ms-second-slalom.dialog-438,test,text
ms-second-slalom.dialog-439,test,text
ms-second-slalom.dialog-440,test,text
ms-second-slalom.dialog-441,test,text
ms-second-slalom.dialog-442,test,text
ms-snowman-run.title,test,text
ms-snowman-run.description,test,text
ms-snowman-run.shortDescription,test,text
ms-snowman-run.dialog-475,test,text
ms-snowman-run.dialog-476,test,text
ms-snowman-run.dialog-477,test,text
ms-snowman-run.dialog-478,test,text
ms-snowman-run.dialog-479,test,text
ms-snowman-run.dialog-480,test,text
ms-snowman-run.dialog-481,test,text
ms-snowman-run.dialog-482,test,text
ms-snowman-run.dialog-483,test,text
ms-snowman-run.dialog-484,test,text
ms-dna-run.title,test,text
ms-dna-run.description,test,text
ms-dna-run.shortDescription,test,text
ms-dna-run.dialog-287,test,text
ms-dna-run.dialog-288,test,text
ms-dna-run.dialog-289,test,text
ms-dna-run.dialog-290,test,text
ms-dna-run.dialog-291,test,text
ms-dna-run.dialog-292,test,text
ms-dna-run.dialog-293,test,text
ms-dna-run.dialog-294,test,text
ms-dna-run.dialog-295,test,text
ms-fly-r-squared.title,test,text
ms-fly-r-squared.description,test,text
ms-fly-r-squared.shortDescription,test,text
ms-fly-r-squared.dialog-337,test,text
ms-fly-r-squared.dialog-338,test,text
ms-fly-r-squared.dialog-339,test,text
ms-fly-r-squared.dialog-340,test,text
ms-fly-r-squared.dialog-341,test,text
ms-fly-r-squared.dialog-342,test,text
ms-fly-r-squared.dialog-343,test,text
ms-fly-r-squared.dialog-344,test,text
ms-fly-r-squared.dialog-345,test,text
ms-fly-r-squared.dialog-346,test,text
ms-fly-r-squared.dialog-347,test,text
ms-fly-r-squared.dialog-348,test,text
ms-fly-r-squared.dialog-349,test,text
ms-fly-r-squared.dialog-350,test,text
ms-fly-r-squared.dialog-351,test,text
ms-fly-r-squared.dialog-352,test,text
ms-the-square-route.title,test,text
ms-the-square-route.description,test,text
ms-the-square-route.shortDescription,test,text
ms-the-square-route.dialog-396,test,text
ms-the-square-route.dialog-397,test,text
ms-the-square-route.dialog-398,test,text
ms-the-square-route.dialog-399,test,text
ms-the-square-route.dialog-400,test,text
ms-the-square-route.dialog-401,test,text
ms-the-square-route.dialog-402,test,text
ms-the-square-route.dialog-403,test,text
ms-the-square-route.dialog-404,test,text
ms-the-square-route.dialog-405,test,text
ms-the-square-route.dialog-406,test,text
ms-the-square-route.dialog-407,test,text
ms-hour-glass.title,test,text
ms-hour-glass.description,test,text
ms-hour-glass.shortDescription,test,text
ms-hour-glass.dialog-517,test,text
ms-hour-glass.dialog-518,test,text
ms-hour-glass.dialog-519,test,text
ms-hour-glass.dialog-520,test,text
ms-hour-glass.dialog-521,test,text
ms-hour-glass.dialog-522,test,text
ms-hour-glass.dialog-523,test,text
ms-hour-glass.dialog-524,test,text
ms-hour-glass.dialog-525,test,text
ms-hour-glass.dialog-526,test,text
ms-hour-glass.dialog-527,test,text
ms-hour-glass.dialog-528,test,text
ms-hour-glass.dialog-529,test,text
ms-hour-glass.dialog-530,test,text
ms-star-road.title,test,text
ms-star-road.description,test,text
ms-star-road.shortDescription,test,text
ms-star-road.dialog-497,test,text
ms-star-road.dialog-498,test,text
ms-star-road.dialog-499,test,text
ms-star-road.dialog-500,test,text
ms-star-road.dialog-501,test,text
ms-star-road.dialog-502,test,text
ms-star-road.dialog-503,test,text
ms-star-road.dialog-504,test,text
ms-star-road.dialog-505,test,text
ms-star-road.dialog-506,test,text
ms-star-road.dialog-507,test,text
ms-rising-sun.title,test,text
ms-rising-sun.description,test,text
ms-rising-sun.shortDescription,test,text
ms-rising-sun.dialog-386,test,text
ms-rising-sun.dialog-387,test,text
ms-rising-sun.dialog-388,test,text
ms-rising-sun.dialog-389,test,text
ms-rising-sun.dialog-390,test,text
ms-rising-sun.dialog-391,test,text
ms-rising-sun.dialog-392,test,text
ms-rising-sun.dialog-393,test,text
ms-rising-sun.dialog-394,test,text
ms-rising-sun.dialog-395,test,text
ms-zig-zag.title,test,text
ms-zig-zag.description,test,text
ms-zig-zag.shortDescription,test,text
ms-zig-zag.dialog-485,test,text
ms-zig-zag.dialog-486,test,text
ms-zig-zag.dialog-487,test,text
ms-zig-zag.dialog-488,test,text
ms-zig-zag.dialog-489,test,text
ms-zig-zag.dialog-490,test,text
ms-zig-zag.dialog-491,test,text
ms-zig-zag.dialog-492,test,text
ms-zig-zag.dialog-493,test,text
ms-zig-zag.dialog-494,test,text
ms-zig-zag.dialog-495,test,text
ms-zig-zag.dialog-496,test,text
ms-a-flight-in-the-woods.title,test,text
ms-a-flight-in-the-woods.description,test,text
ms-a-flight-in-the-woods.shortDescription,test,text
ms-a-flight-in-the-woods.dialog-263,test,text
ms-a-flight-in-the-woods.dialog-264,test,text
ms-a-flight-in-the-woods.dialog-265,test,text
ms-a-flight-in-the-woods.dialog-266,test,text
ms-a-flight-in-the-woods.dialog-267,test,text
ms-a-flight-in-the-woods.dialog-268,test,text
ms-a-flight-in-the-woods.dialog-269,test,text
ms-a-flight-in-the-woods.dialog-270,test,text
ms-a-flight-in-the-woods.dialog-271,test,text
ms-back-to-basics.title,test,text
ms-back-to-basics.description,test,text
ms-back-to-basics.shortDescription,test,text
ms-back-to-basics.dialog-568,test,text
ms-back-to-basics.dialog-569,test,text
ms-back-to-basics.dialog-570,test,text
ms-back-to-basics.dialog-571,test,text
ms-back-to-basics.dialog-572,test,text
ms-back-to-basics.dialog-573,test,text
ms-back-to-basics.dialog-574,test,text
ms-back-to-basics.dialog-575,test,text
ms-back-to-basics.dialog-576,test,text
ms-back-to-basics.dialog-577,test,text
ms-back-to-basics.dialog-578,test,text
ms-flying-steady.title,test,text
ms-flying-steady.description,test,text
ms-flying-steady.shortDescription,test,text
ms-flying-steady.dialog-605,test,text
ms-flying-steady.dialog-606,test,text
ms-flying-steady.dialog-607,test,text
ms-flying-steady.dialog-608,test,text
ms-flying-steady.dialog-609,test,text
ms-flying-steady.dialog-610,test,text
ms-flying-steady.dialog-611,test,text
ms-flying-steady.dialog-612,test,text
ms-up-and-out.title,test,text
ms-up-and-out.description,test,text
ms-up-and-out.shortDescription,test,text
ms-up-and-out.dialog-735,test,text
ms-up-and-out.dialog-736,test,text
ms-up-and-out.dialog-737,test,text
ms-up-and-out.dialog-738,test,text
ms-up-and-out.dialog-739,test,text
ms-up-and-out.dialog-741,test,text
ms-up-and-out.dialog-742,test,text
ms-up-and-out.dialog-743,test,text
ms-up-and-out.dialog-744,test,text
ms-up-and-out.dialog-745,test,text
ms-up-and-out.dialog-746,test,text
ms-up-and-over.title,test,text
ms-up-and-over.description,test,text
ms-up-and-over.shortDescription,test,text
ms-up-and-over.dialog-747,test,text
ms-up-and-over.dialog-748,test,text
ms-up-and-over.dialog-749,test,text
ms-up-and-over.dialog-750,test,text
ms-up-and-over.dialog-751,test,text
ms-up-and-over.dialog-752,test,text
ms-up-and-over.dialog-753,test,text
ms-like-a-record.title,test,text
ms-like-a-record.description,test,text
ms-like-a-record.shortDescription,test,text
ms-like-a-record.dialog-622,test,text
ms-like-a-record.dialog-623,test,text
ms-like-a-record.dialog-624,test,text
ms-like-a-record.dialog-625,test,text
ms-like-a-record.dialog-626,test,text
ms-like-a-record.dialog-627,test,text
ms-like-a-record.dialog-628,test,text
ms-like-a-record.dialog-629,test,text
ms-like-a-record.dialog-630,test,text
ms-like-a-record.dialog-631,test,text
ms-back-it-up.title,test,text
ms-back-it-up.description,test,text
ms-back-it-up.shortDescription,test,text
ms-back-it-up.dialog-543,test,text
ms-back-it-up.dialog-544,test,text
ms-back-it-up.dialog-545,test,text
ms-back-it-up.dialog-546,test,text
ms-back-it-up.dialog-547,test,text
ms-back-it-up.dialog-548,test,text
ms-back-it-up.dialog-549,test,text
ms-back-it-up.dialog-550,test,text
ms-back-it-up.dialog-551,test,text
ms-lets-mix-it-up.title,test,text
ms-lets-mix-it-up.description,test,text
ms-lets-mix-it-up.shortDescription,test,text
ms-lets-mix-it-up.dialog-613,test,text
ms-lets-mix-it-up.dialog-614,test,text
ms-lets-mix-it-up.dialog-615,test,text
ms-lets-mix-it-up.dialog-616,test,text
ms-lets-mix-it-up.dialog-617,test,text
ms-lets-mix-it-up.dialog-618,test,text
ms-lets-mix-it-up.dialog-619,test,text
ms-lets-mix-it-up.dialog-620,test,text
ms-lets-mix-it-up.dialog-621,test,text
ms-around-the-bend.title,test,text
ms-around-the-bend.description,test,text
ms-around-the-bend.shortDescription,test,text
ms-around-the-bend.dialog-531,test,text
ms-around-the-bend.dialog-532,test,text
ms-around-the-bend.dialog-533,test,text
ms-around-the-bend.dialog-534,test,text
ms-around-the-bend.dialog-535,test,text
ms-around-the-bend.dialog-536,test,text
ms-around-the-bend.dialog-537,test,text
ms-around-the-bend.dialog-538,test,text
ms-around-the-bend.dialog-539,test,text
ms-around-the-bend.dialog-540,test,text
ms-around-the-bend.dialog-541,test,text
ms-around-the-bend.dialog-542,test,text
ms-circles-are-friends.title,test,text
ms-circles-are-friends.description,test,text
ms-circles-are-friends.shortDescription,test,text
ms-circles-are-friends.dialog-591,test,text
ms-circles-are-friends.dialog-592,test,text
ms-circles-are-friends.dialog-593,test,text
ms-circles-are-friends.dialog-594,test,text
ms-circles-are-friends.dialog-595,test,text
ms-circles-are-friends.dialog-596,test,text
ms-circles-are-friends.dialog-597,test,text
ms-circles-are-friends.dialog-598,test,text
ms-build-a-snowman.title,test,text
ms-build-a-snowman.description,test,text
ms-build-a-snowman.shortDescription,test,text
ms-build-a-snowman.dialog-579,test,text
ms-build-a-snowman.dialog-580,test,text
ms-build-a-snowman.dialog-581,test,text
ms-build-a-snowman.dialog-582,test,text
ms-build-a-snowman.dialog-583,test,text
ms-build-a-snowman.dialog-584,test,text
ms-build-a-snowman.dialog-585,test,text
ms-build-a-snowman.dialog-586,test,text
ms-build-a-snowman.dialog-587,test,text
ms-build-a-snowman.dialog-588,test,text
ms-build-a-snowman.dialog-589,test,text
ms-build-a-snowman.dialog-590,test,text
ms-figure-8.title,test,text
ms-figure-8.description,test,text
ms-figure-8.shortDescription,test,text
ms-figure-8.dialog-599,test,text
ms-figure-8.dialog-600,test,text
ms-figure-8.dialog-601,test,text
ms-figure-8.dialog-602,test,text
ms-figure-8.dialog-603,test,text
ms-figure-8.dialog-604,test,text
ms-the-ringer.title,test,text
ms-the-ringer.description,test,text
ms-the-ringer.shortDescription,test,text
ms-the-ringer.dialog-721,test,text
ms-the-ringer.dialog-722,test,text
ms-the-ringer.dialog-723,test,text
ms-the-ringer.dialog-724,test,text
ms-the-ringer.dialog-725,test,text
ms-the-ringer.dialog-726,test,text
ms-search-and-destroy.title,test,text
ms-search-and-destroy.description,test,text
ms-search-and-destroy.shortDescription,test,text
ms-search-and-destroy.dialog-642,test,text
ms-search-and-destroy.dialog-643,test,text
ms-search-and-destroy.dialog-644,test,text
ms-search-and-destroy.dialog-645,test,text
ms-search-and-destroy.dialog-646,test,text
ms-search-and-destroy.dialog-647,test,text
ms-search-and-destroy.dialog-648,test,text
ms-search-and-destroy.dialog-649,test,text
ms-wish-upon-a-star.title,test,text
ms-wish-upon-a-star.description,test,text
ms-wish-upon-a-star.shortDescription,test,text
ms-wish-upon-a-star.dialog-754,test,text
ms-wish-upon-a-star.dialog-755,test,text
ms-wish-upon-a-star.dialog-756,test,text
ms-wish-upon-a-star.dialog-757,test,text
ms-wish-upon-a-star.dialog-758,test,text
ms-wish-upon-a-star.dialog-759,test,text
ms-off-the-beaten-path.title,test,text
ms-off-the-beaten-path.description,test,text
ms-off-the-beaten-path.shortDescription,test,text
ms-off-the-beaten-path.dialog-632,test,text
ms-off-the-beaten-path.dialog-633,test,text
ms-off-the-beaten-path.dialog-634,test,text
ms-off-the-beaten-path.dialog-635,test,text
ms-off-the-beaten-path.dialog-636,test,text
ms-parking-lot-slalom.title,test,text
ms-parking-lot-slalom.description,test,text
ms-parking-lot-slalom.shortDescription,test,text
ms-parking-lot-slalom.dialog-637,test,text
ms-parking-lot-slalom.dialog-638,test,text
ms-parking-lot-slalom.dialog-639,test,text
ms-parking-lot-slalom.dialog-640,test,text
ms-parking-lot-slalom.dialog-641,test,text
ms-the-double-helix.title,test,text
ms-the-double-helix.description,test,text
ms-the-double-helix.shortDescription,test,text
ms-the-double-helix.dialog-650,test,text
ms-the-double-helix.dialog-651,test,text
ms-the-double-helix.dialog-652,test,text
ms-the-double-helix.dialog-653,test,text
ms-the-double-helix.dialog-654,test,text
ms-the-double-helix.dialog-655,test,text
ms-the-double-helix.dialog-656,test,text
ms-the-double-helix.dialog-657,test,text
ms-the-double-helix.dialog-658,test,text
ms-the-double-helix.dialog-659,test,text
ms-the-obstacle-course.title,test,text
ms-the-obstacle-course.description,test,text
ms-the-obstacle-course.shortDescription,test,text
ms-the-obstacle-course.dialog-660,test,text
ms-the-obstacle-course.dialog-661,test,text
ms-the-obstacle-course.dialog-662,test,text
ms-the-obstacle-course.dialog-663,test,text
ms-the-obstacle-course.dialog-664,test,text
ms-the-obstacle-course.dialog-665,test,text
ms-your-first-race.title,test,text
ms-your-first-race.description,test,text
ms-your-first-race.shortDescription,test,text
ms-your-first-race.dialog-760,test,text
ms-your-first-race.dialog-761,test,text
ms-your-first-race.dialog-762,test,text
ms-your-first-race.dialog-763,test,text
ms-your-first-race.dialog-764,test,text
ms-your-first-race.dialog-765,test,text
ms-your-first-race.dialog-766,test,text
ms-your-first-race.dialog-767,test,text
ms-your-first-race.dialog-768,test,text
ms-your-first-race.dialog-769,test,text
ms-the-playground.title,test,text
ms-the-playground.description,test,text
ms-the-playground.shortDescription,test,text
ms-the-playground.dialog-688,test,text
ms-the-playground.dialog-689,test,text
ms-the-playground.dialog-690,test,text
ms-the-playground.dialog-691,test,text
ms-the-playground.dialog-692,test,text
ms-the-playground.dialog-693,test,text
ms-the-playground.dialog-694,test,text
ms-the-playground.dialog-695,test,text
ms-the-playground.dialog-696,test,text
ms-the-playground.dialog-697,test,text
ms-the-playground.dialog-698,test,text
ms-the-playground.dialog-699,test,text
ms-the-playground.dialog-700,test,text
ms-the-playground.dialog-701,test,text
ms-the-playground.dialog-702,test,text
ms-the-playground.dialog-703,test,text
ms-the-playground.dialog-704,test,text
ms-the-playground.dialog-705,test,text
ms-the-playground.dialog-706,test,text
ms-the-playground.dialog-707,test,text
ms-the-playground.dialog-708,test,text
ms-the-playground.dialog-709,test,text
ms-the-playground.dialog-710,test,text
ms-the-playground.dialog-711,test,text
ms-the-playground.dialog-712,test,text
ms-the-playground.dialog-713,test,text
ms-the-playground.dialog-714,test,text
ms-the-playground.dialog-715,test,text
ms-the-playground.dialog-716,test,text
ms-the-playground.dialog-717,test,text
ms-the-playground.dialog-718,test,text
ms-the-playground.dialog-719,test,text
ms-the-playground.dialog-720,test,text
ms-the-sweeper.title,test,text
ms-the-sweeper.description,test,text
ms-the-sweeper.shortDescription,test,text
ms-the-sweeper.dialog-727,test,text
ms-the-sweeper.dialog-728,test,text
ms-the-sweeper.dialog-729,test,text
ms-the-sweeper.dialog-730,test,text
ms-the-sweeper.dialog-731,test,text
ms-the-sweeper.dialog-732,test,text
ms-the-sweeper.dialog-733,test,text
ms-the-sweeper.dialog-734,test,text
ms-the-pitch-throttle-relationship.title,test,text
ms-the-pitch-throttle-relationship.description,test,text
ms-the-pitch-throttle-relationship.shortDescription,test,text
ms-the-pitch-throttle-relationship.dialog-666,test,text
ms-the-pitch-throttle-relationship.dialog-667,test,text
ms-the-pitch-throttle-relationship.dialog-668,test,text
ms-the-pitch-throttle-relationship.dialog-669,test,text
ms-the-pitch-throttle-relationship.dialog-670,test,text
ms-the-pitch-throttle-relationship.dialog-671,test,text
ms-the-pitch-throttle-relationship.dialog-672,test,text
ms-the-pitch-throttle-relationship.dialog-673,test,text
ms-the-pitch-throttle-relationship.dialog-674,test,text
ms-the-pitch-throttle-relationship.dialog-675,test,text
ms-the-pitch-throttle-relationship.dialog-676,test,text
ms-the-pitch-throttle-relationship.dialog-677,test,text
ms-the-pitch-throttle-relationship.dialog-678,test,text
ms-the-pitch-throttle-relationship.dialog-679,test,text
ms-the-pitch-throttle-relationship.dialog-680,test,text
ms-the-pitch-throttle-relationship.dialog-681,test,text
ms-the-pitch-throttle-relationship.dialog-682,test,text
ms-the-pitch-throttle-relationship.dialog-683,test,text
ms-the-pitch-throttle-relationship.dialog-684,test,text
ms-the-pitch-throttle-relationship.dialog-685,test,text
ms-the-pitch-throttle-relationship.dialog-686,test,text
ms-the-pitch-throttle-relationship.dialog-687,test,text
